회사명	ROA(영업이익)(%)
3R	
3S	
3SOFT	
3노드디지탈	
AD모터스	
AJS	
AJ네트웍스	3.43
AJ렌터카	3.39
AK홀딩스	11.36
AP시스템	11.92
AP우주통신	
AP위성	-4.76
BET	
BGF리테일	15.29
BHK	
BNK금융지주	0.87
BYC	0.99
C&S자산관리	0.61
C&우방	
C&중공업	
CJ	5.9
CJ CGV	5.58
CJ E&M	0.47
CJ대한통운	4.61
CJ씨푸드	4.71
CJ엔터테인	
CJ오쇼핑	6.81
CJ인터넷	
CJ제일제당	6.53
CJ프레시웨이	4.24
CJ헬로비전	5.07
CL	
CMG제약	4.1
CNH	4.42
CS	-5.77
CSA 코스믹	4.74
CS홀딩스	5.75
CT&T	
CU전자	
DGB금융지주	0.71
DMS	14.34
DRB동일	4.66
DSC인베스트먼트	21.8
DSR	6.81
DSR제강	3.53
E1	-3.31
EG	0.33
EMW	6.78
F&F	8.44
FnC코오롱	
GBS	
GH신소재	6.73
GKL	21.31
GK파워	
GMR 머티리얼즈	-2.48
GPS	
GRT	
GS	8.28
GST	10.08
GS건설	1.18
GS글로벌	2.52
GS리테일	6.87
GS홈쇼핑	7.04
GT&T	
H1바이오	
HB테크놀러지	30.6
HMC투자증권	0.81
HRS	2.9
i 인프라	
IBKS스팩1호	
IBKS제3호스팩	-1.08
IBKS제5호스팩	
IBKS지엠비스팩	
IC코퍼레이션	
IDH	
IHQ	5.79
iMBC	4.7
ISC	4.81
ITX엠투엠	-19.99
JB금융지주	0.7
JS	
JS전선	-0.6
JW생명과학	12.01
JW신약	3.83
JW중외제약	2.8
JW홀딩스	3.58
JYP Ent.	17.81
KB금융	0.83
KB손해보험	1.16
KB오토시스	10.92
KB캐피탈	2.12
KCC	4.4
KCC건설	3.08
KCI	10.52
KCTC	3.13
KCW	-2.54
KC그린홀딩스	4.46
KC코트렐	4.53
KD건설	2.9
KEC	1.97
KEPS	
KEP전자	
KG ETS	4.46
KGP	-7.46
KG모빌리언스	7.29
KG이니시스	6.29
KG케미칼	5.47
KH바텍	-2.48
KISCO홀딩스	3.6
KJ프리텍	-7.17
KMH	7.41
KMH하이텍	4.29
KNC	
KNN	-1.09
KNS홀딩스	
KPX그린케미칼	2.79
KPX생명과학	9.18
KPX케미칼	7.37
KPX홀딩스	4.45
KR모터스	2.04
KSS해운	5.36
KT	5.47
KT&G	19.52
KTB투자증권	0.25
KTcs	1.36
KTC텔레콤	
KTF	
KTH	3.14
KT뮤직	4.85
KT서브마린	0.83
LF	1.3
LG	7.07
LGEI	
LG금속	
LG데이콤	
LG디스플레이	5.6
LG마이크론	
LG상사	1.67
LG생명과학	4.94
LG생활건강	22.02
LG석유화학	
LG유플러스	7.08
LG이노텍	2.08
LG전자	3.04
LG정보	
LG종합금융	
LG카드	3.91
LG파워콤	
LG하우시스	5.97
LG화학	9.23
LIG넥스원	4.95
LS	2.5
LS네트웍스	-3.28
LS산전	5.44
LS전선아시아	6.37
MBK	-4.38
MDS테크	7.4
MH에탄올	12.27
MPK	2.32
MTRON	
NAVER	20.68
NEW	21.2
NHN엔터테인먼트	0.49
NHN한국사이버결제	8.68
NH농협증권	
NH투자증권	0.78
NICE	8.84
NICE평가정보	18.57
NI스틸	6.28
NPC	7.23
OCI	0.14
PN풍년	5.96
POSCO	5.29
PW제네틱스	
S&K폴리텍	5.72
S&TC	6.98
S&T모티브	8.33
S&T중공업	-0.2
S&T홀딩스	4.36
SBI모기지	
SBI액시즈	
SBI인베스트먼트	1.45
SBS	-5.99
SBS미디어홀딩스	0.99
SBS콘텐츠허브	2.5
SCI평가정보	-6.8
SDN	2.48
SFA반도체	3.57
SG&G	4.79
SGA	4.51
SGA솔루션즈	9.12
SG세계물산	5.27
SG충방	1.92
SH에너지화학	20.92
SIMPAC	-1.19
SIMPAC METALLOY	-0.46
SJM	7.03
SJM홀딩스	4.88
SK	3.71
SK	
SK1호스팩	-0.18
SK2호스팩	-1.06
SK3호스팩	
SKC	2.09
SKC 솔믹스	11.21
SKC코오롱PI	11.89
SK가스	4.54
SK네트웍스	1.96
SK디앤디	2.59
SK머티리얼즈	19.66
SK바이오랜드	7.56
SK브로드밴드	2.81
SK이노베이션	5.16
SK증권	0.26
SK컴즈	-6.12
SK케미칼	4.54
SK텔레콤	5.84
SK하이닉스	9.93
SM C&C	11.08
S-Oil	3.64
SPC삼립	8.19
SSCP	
ST&I	
STX	5.7
STX엔진	-2.9
STX조선해양	-16.4
STX중공업	-13.01
SY	
TBH글로벌	-7.64
TCC동양	1.67
THE E&M	13.89
TJ미디어	0.51
TPC	1.53
UC아이콜스	
VK	
WISCOM	0.04
W홀딩컴퍼니	1.11
YG PLUS	-3.01
YTN	-3.41
YW	7.26
가비아	10.06
가온미디어	8.09
가온전선	2.65
감마누	-22.41
갑을	
갑을메탈	-1.04
갑을방적	
강남제비스코	5.98
강남화성	
강스템바이오텍	-25.61
강원랜드	17.23
강원산업	
강원은행	
갤럭시아에스엠	-4.43
갤럭시아컴즈	3.99
거성산업	
건영	
건영종건	
게임빌	0.02
경기은행	
경남기업	-0.26
경남리스	
경남모직	
경남스틸	2.75
경남에너지	-0.78
경남은행	0.75
경남은행	
경남제약	14.57
경남종합금융	
경농	-8.61
경동	
경동가스	4.08
경동나비엔	7.06
경동산업	
경동제약	11.96
경방	3.23
경보제약	4.66
경봉	-2.88
경북신금	
경북콘크리트	
경윤하이드로	
경인양행	1.84
경인전자	3.52
경창산업	0.52
경향건설	
계룡건설	4
계몽사	
계양전기	6.41
고덴시	
고려개발	0.47
고려반도체	-9.25
고려산업	4.37
고려석유화학	
고려시멘트	
고려신용정보	20.13
고려아연	10.51
고려제강	1.96
고려제약	7.52
고려종합금융	
고려증권	
고려포리머	-3.32
고려화학	
고영	20.38
고제	
고합	
고합물산	
골든브릿지제2호스팩	-0.54
골든브릿지제3호스팩	-0.25
골든브릿지제4호스팩	-1.53
골든브릿지증권	-0.51
골든센츄리	
골프존	24.77
골프존유원홀딩스	14.84
공영토건	
광덕물산	
광동제약	7.59
광림	-1.91
광명전기	3.07
광일	
광전자	0.61
광주신세계	7.09
광주은행	0.83
광주은행	
광진실업	-0.98
광진윈텍	3.66
교보5호스팩	-0.25
교보비엔케이스팩	
교보증권	1.55
교하	
구영테크	2.93
국도화학	2.43
국동	9.53
국민은행	0.72
국민은행	
국민카드	
국보	1.19
국보디자인	7.61
국순당	-2.31
국영지앤엠	-2.65
국일신동	0.85
국일제지	-1.41
국정교과서	
국제밸브	
국제약품	3.92
국제엘렉트릭	
국제종토	
굿모닝신한증권	0.67
굿이엠지	
그랜드백화점	-0.11
그로웰전자	
그로웰텔레콤	
그린기술투자	-2.07
그린손해보험	
극동유화	8.75
극동전선	-7.18
극동제혁	
글로벌에스엠	7.99
글로본	
글로스텍	
글로웍스	
글로포스트	
금강공업	8.14
금강정공	
금강제강	
금강철강	0.48
금강피혁	
금강화섬	
금경	
금비	7.53
금성계전	
금성기전	
금성제관	
금성테크	-31.36
금성통신	
금양	6.64
금하방직	
금호건설	
금호산업	3.68
금호석유	2.12
금호에이치티	8.64
금호전기	2.34
금호케미칼	
금호타이어	0.74
금화피에스시	8.95
기가레인	-9.1
기라정보통신	
기린	
기산	
기산텔레콤	20.99
기신정기	
기아자동차판매	
기아차	4.31
기업은행	0.61
까뮤이앤씨	0.09
깨끗한나라	3.1
나노	-11.77
나노스	-26.7
나노신소재	6.32
나노엔텍	-11.03
나노캠텍	-3.83
나노트로닉스	
나노하이텍	
나라엠앤디	2.83
나라종금	
나라케이아이씨	2.97
나리지*온	
나무가	0.73
나스미디어	9.79
나우정밀	
나이벡	-12.24
나이스디앤비	5.15
나이스메탈	
나이스정보통신	15.05
남광토건	7.92
남선물산	
남선알미늄	5.82
남성	3.17
남성알미늄	0.07
남송개발	
남신	
남양	
남양유업	4.74
남영비비안	0.55
남한제지	
남해화학	3.97
남화토건	1.66
내츄럴엔도텍	-10.52
네스테크	
네오디안테크놀로지	7.54
네오리소스	
네오세미테크	
네오오토	6.55
네오위즈게임즈	3.13
네오위즈홀딩스	1.74
네오티스	2.51
네오팜	20.37
네오퍼플	
네오피델리티	1.07
네이블	-0.05
네이처셀	-2.91
네이쳐글로벌	
네패스	3.67
네패스신소재	-9.14
네프로아이티	
넥상스코리아	9.29
넥서스투자	
넥센	11.46
넥센타이어	10.24
넥센테크	8.7
넥솔론	-17.74
넥스턴	56.25
넥스텔	
넥스트BT	1.68
넥스트리밍	-17.64
넥스트바이오홀딩스	-10.57
넥스트아이	-3.55
넥스트칩	-8.06
넥슨지티	20.78
넵튠	
넷컴스토리지	
노루페인트	6.54
노루홀딩스	3.11
녹십자	8.7
녹십자랩셀	5.01
녹십자셀	0.44
녹십자엠에스	-3.13
녹십자의공	
녹십자홀딩스	6.48
논노	
농심	3.73
농심홀딩스	4.35
농우바이오	7.43
누리텔레콤	-13.89
누리플랜	-12.22
뉴로스	1.33
뉴맥스	
뉴보텍	2.63
뉴씨앤씨	
뉴인텍	-14.17
뉴젠비아이티	
뉴젠아이씨티	
뉴켐진스템셀	
뉴코아	
뉴트리바이오텍	18.18
뉴파워프라즈마	
뉴프라이드	-25.74
뉴프렉스	7.7
능률교육	-0.42
닉스테크	-14.21
다나와	12.88
다날	0.54
다다	
다믈멀티미디어	-1.66
다산네트웍스	-6.58
다산씨앤아이	
다우기술	2.61
다우데이타	2.71
다우인큐브	-1.34
다원시스	5.58
다함이텍	
다휘	
단성일렉트론	
단암산업	
대경기계	-6.8
대교	5.52
대구리스	
대구백화점	
대구은행	0.75
대구종합금융	
대국	
대덕GDS	5.46
대덕전자	8.46
대동	
대동공업	-3.1
대동금속	-4.34
대동기어	-2.46
대동스틸	-0.23
대동신금	
대동은행	
대동전자	
대륙제관	13.27
대륭	
대림B&Co	5.39
대림금속	
대림산업	4.26
대림씨엔에스	12.45
대림제지	17.55
대림통상	1.13
대명코퍼레이션	2.69
대봉엘에스	15.66
대상	6.26
대상교역	
대상홀딩스	6.23
대선조선	-21.51
대선주조	
대성미생물	14.47
대성산업	-0.44
대성에너지	-6.44
대성엘텍	2.43
대성자원	
대성전기	
대성창투	15.71
대성파인텍	1.78
대성합동지주	-0.25
대성홀딩스	-2.77
대신밸런스제2호스팩	-0.21
대신정보통신	
대신증권	0.36
대신증권그로쓰스팩	
대아건설	
대아리드선	
대아티아이	11.88
대양글로벌	
대양금고	
대양금속	13.31
대양전기공업	8.5
대양제지	10.99
대영포장	0.43
대우	
대우SBI스팩1호	-0.23
대우건설	3.86
대우부품	3.55
대우송도개발	
대우스팩2호	-2.88
대우스팩3호	-0.13
대우전자	
대우정밀공업	
대우조선해양	-3.48
대우중공업	
대우증권스팩	
대우통신	
대웅	5.05
대웅바이오	
대웅제약	1.76
대원강업	6.04
대원미디어	3.45
대원산업	13.46
대원전선	4.24
대원제약	16.39
대원화성	8.36
대유에이텍	1.95
대유위니아	
대유플러스	-0.89
대일화학	
대전신금	
대정화금	6.94
대주산업	4.31
대주전자재료	3.2
대진동관	
대진디엠피	3.03
대진정밀화학	
대창	-0.43
대창단조	7.7
대창솔루션	3.52
대창스틸	1.68
대한과학	3.4
대한광통신	-5.76
대한뉴팜	8.42
대한모방	
대한방직	0.13
대한알미늄	
대한약품	16.35
대한유화	17.17
대한은박지	
대한전선	3.68
대한제강	6.38
대한제당	4.15
대한제분	5.95
대한제지	
대한종합금융	
대한중석	
대한항공	7.62
대한해운	2.03
대한화섬	-0.58
대현	1.22
대호	
대호에이엘	0.69
대호피앤씨	8.68
대화제약	1.5
대흥멀티통신	
더블유게임즈	10.63
더존디지털	
더존비즈온	13.48
더체인지	
덕산네오룩스	2.62
덕산하이메탈	0.83
덕성	5.22
덕신하우징	-11.85
덕양산업	-8.46
데브시스터즈	-8.18
데코	
데코앤이	-25.36
덱스터	1.81
덴소풍성	
도레이케미칼	
도움	
도이치모터스	0
도화엔지니어링	-0.77
동국S&C	6.86
동국방직	
동국산업	6.38
동국실업	0.88
동국알앤에스	5.83
동국전자	
동국제강	4.18
동국제약	15.36
동남리스	
동남은행	
동남합성	10.38
동마산업	
동미전기	
동방	3.68
동방개발	
동방라이텍	
동방산업	
동방선기	2.75
동방신금	
동방아그로	-10.58
동방음향	
동방전자	
동부	3.51
동부CNI	
동부건설	1.54
동부라이텍	1.01
동부산업	
동부스팩3호	-0.32
동부신금	
동부일렉트로닉스	
동부제4호스팩	-0.23
동부제철	4.1
동부증권	-0.64
동부티에스블랙펄스팩	
동부하이텍	19.27
동부화재	2.34
동부화학	
동산씨앤지	
동산진흥	
동서	2.79
동서정보기술	
동서증권	
동성반도체	
동성제약	-2.7
동성코퍼레이션	7.03
동성하이켐	
동성화인텍	5.3
동성화학	10.71
동신	
동신건설	4.25
동신제약	
동신제지	
동아건설	0.19
동아금고	
동아쏘시오홀딩스	4.24
동아에스텍	13.36
동아에스티	0.62
동아엘텍	16.65
동아일렉콤	
동아지질	4.25
동아타이어	7
동아화성	4.91
동양	2.06
동양고속	8.82
동양기공	
동양네트웍스	-4.62
동양매직	
동양물산	2.96
동양밸류스팩	
동양생명	0.93
동양시멘트	6.62
동양에스텍	1.12
동양이엔피	6.19
동양철관	-6.17
동양텔레콤	
동양파일	15.69
동양피엔에프	-2.78
동양현대종금	
동양화학	
동우	13.34
동운아나텍	-5.33
동원	5.96
동원F&B	11.28
동원개발	23.62
동원금속	
동원산업	11.45
동원수산	4.93
동원시스템즈	12.23
동원증권	
동일고무벨트	5.96
동일금속	-0.5
동일기연	0.43
동일방직	1.3
동일산업	3.55
동일제강	1.35
동일철강	0.48
동진쎄미켐	5.64
동호전기	
동화기업	7.13
동화신금	
동화약품	2.53
동화은행	
동흥전기	
두림티앤씨	
두산	2.63
두산건설	0.28
두산건설	
두산기계	
두산밥캣	
두산백화	
두산상사	
두산엔진	0.21
두산음료	
두산인프라코어	4.25
두산종합식품	
두산중공업	2.5
두산테크팩	
두올	
두올산업	-4.88
드래곤플라이	1.95
디보스	
디비케이	-14.23
디스플레이텍	2.17
디씨씨	12.09
디씨엠	9.95
디아이	5.62
디아이디	-5.01
디아이씨	4.54
디알텍	
디앤샵	
디에스	
디에스케이	1.93
디에스티로봇	-11.46
디에스피	
디에이치패션	
디에이치피코리아	15.64
디에이테크놀로지	7.4
디에이피	0.57
디엔에이링크	-28.54
디엔에프	12.83
디엠씨	10.65
디엠티	-5.07
디오	22.49
디와이	2.49
디와이파워	5.25
디와이홀딩스	
디이시스	
디이엔티	-12.84
디젠스	9.57
디지아이	-0.05
디지탈옵틱	-12.71
디지털대성	23.98
디지텍시스템	
디지텔	
디지틀조선	7.73
디케이디앤아이	4.28
디케이락	3.74
디티앤씨	4.58
디패션	
디피씨	8.81
딜리	6.37
라미화장품	
라온시큐어	14.99
라이브플렉스	1.77
라이온켐텍	15.6
라이카	
라이프주택개발	
라인건설	
락앤락	7.83
램테크놀러지	-3.88
랩지노믹스	-2.19
레고켐바이오	-11.4
레드로버	1.62
레드캡투어	5.3
레이디	
레이언스	10.48
레이젠	-15.69
렉스엘이앤지	
로고스바이오	
로보스타	7.24
로보트보일러	
로스웰	21.99
로엔	20.11
로지시스	5.15
로체시스템즈	15.52
로케트전기	
로코조이	-19.1
롯데관광개발	2.12
롯데미도파	
롯데손해보험	-0.68
롯데쇼핑	1.73
롯데정밀화학	2.58
롯데제과	5.11
롯데칠성	4.96
롯데케미칼	18.19
롯데푸드	10.19
롯데하이마트	8.97
루멘스	-3.11
루미마이크로	-0.48
루트로닉	3.02
룽투코리아	13.57
르네코	-23.18
리노공업	20.13
리노스	0.99
리더스코스메틱	15.93
리더컴	
리드	-28.12
리드코프	5.46
리젠	1.28
리젠트종금	
리젠트화재	
리켐	-10.16
리타워텍	
링네트	3.12
마니커	4.25
마이스코	-7.89
마이크로닉스	
마이크로컨텍솔	0.65
마이크로프랜드	34.58
마인	
마제스타	-31.88
마크로젠	0.82
만도	7.34
만도기계	
만호제강	0.56
매일유업	8.89
매직마이크로	-13.25
매커스	6.51
맥스로텍	-7.06
맥스브로	
맥슨텔레콤	
맥시스템	
멀티캠퍼스	13.23
메가스터디	2.2
메가스터디교육	15.45
메가엠디	4.6
메디아나	13.59
메디톡스	26.8
메디포스트	-5.46
메디프론	-3.11
메리츠금융지주	2.07
메리츠종금	
메리츠종금증권	1.8
메리츠화재	2.46
메이슨캐피탈	
메지온	-6.46
메카포럼	
메타바이오메드	5.91
멕아이씨에스	-8.37
멜파스	1.78
명문제약	4.11
모나리자	9.32
모나미	2.53
모다이노칩	6.37
모다정보통신	9.68
모닷텔	
모델라인	
모두투어	17.03
모디아	
모라리소스	
모린스	
모바일리더	3.28
모베이스	20.03
모빌링크	
모빌탑	
모아텍	0.95
모젬	-22.57
모토닉	0.75
모헨즈	6.17
무림P&P	-0.15
무림SP	4.96
무림페이퍼	-0.34
무학	8.77
무한투자	
문배철강	0.56
미동앤씨네마	-10.85
미디어코프	
미래나노텍	14.23
미래산업	-10.63
미래아이앤지	-4.3
미래에셋대우	0.68
미래에셋생명	-0.01
미래에셋스팩1호	
미래에셋제3호스팩	-0.4
미래에셋제5호스팩	-0.38
미래에셋증권	0.55
미래컴퍼니	4.56
미래테크놀로지	9.58
미리넷	
미스터블루	
미우	
미원	
미원상사	8.67
미원에스씨	19.13
미원화학	16.55
미주실업	
미주제강	
미창석유	4.77
미코	7
미투온	2.69
민앤지	
바디텍메드	18.65
바로크	
바른손	
바른손이앤에이	26.56
바른전자	1.71
바른테크놀로지	4.22
바이나믹	
바이넥스	-1.17
바이로메드	0.3
바이오니아	-24.1
바이오로그디바이스	11.65
바이오리더스	
바이오스마트	-1.32
바이오시스	
바이오톡스텍	6.04
바이온	1.71
바텍	10.28
방림	2.87
배명금속	
백광산업	0.43
백광소재	4.4
백금T&A	-4.87
백산	18.09
버추얼텍	-4
벅스	-13.01
범양건영	0.69
범양식품	
베네데스하이텍	
베셀	-2.02
베스트플로우	
벨로체피아노	
벽산	8.62
벽산개발	
벽산건설	
보광산업	9.7
보광티에스	
보락	3.47
보람신금	
보람은행	
보령메디앙스	7.42
보령제약	7.26
보루네오	-34.17
보성건설	
보성인터	
보성파워텍	-3.32
보타바이오	-16.03
보해양조	-2.08
보홍	
봉신	
부광약품	-0.7
부국증권	0.68
부국철강	0.53
부국퓨쳐스타즈스팩	
부방	3.68
부산가스	0.57
부산리스	
부산방직	
부산산업	14.11
부산은행	0.99
부산저축은행	
부산주공	-2.44
부스타	7.22
부영철강	
부흥	
뷰웍스	27.81
브레인콘텐츠	7.69
브리지텍	9.81
브이에스에스티	
블루멈	
블루스톤	
블루젬디앤씨	
블루콤	14.66
비락	
비상교육	2.57
비씨월드제약	8.23
비아트론	14.87
비에이치	-3.14
비에이치아이	2.89
비엔디	
비엠티	-3.19
비전하이테크	
비츠로셀	10.02
비츠로시스	
비츠로테크	-5.21
비트컴퓨터	10.23
빅솔론	8.92
빅텍	-1.04
빙그레	15.15
빛과전자	7.45
빛샘전자	5.4
사라콤	
사람인에이치알	15.16
사이노젠	
사이버패스	
사조대림	8.92
사조동아원	5.27
사조산업	8.09
사조씨푸드	5.51
사조오양	13.06
사조해표	6.34
사파이어테크놀로지	-19.91
산양전기	
산은캐피탈	2.31
삼강엠앤티	0.38
삼경기전	
삼경정밀	
삼광글라스	0.84
삼기오토모티브	5.35
삼능건설	
삼덕제지	
삼도물산	
삼륭물산	11.62
삼목강업	
삼목에스폼	18.98
삼보모터스	-0.35
삼보산업	-0.55
삼보컴퓨터	
삼보판지	5.56
삼본정밀전자	6.08
삼부토건	-4.79
삼산	
삼삼종합금융	
삼성SDI	-2.84
삼성건설	
삼성공조	-0.06
삼성물산	1.85
삼성물산	
삼성바이오로직스	
삼성생명	0.61
삼성수산	
삼성에스디에스	10.5
삼성엔지니어링	3.94
삼성이미징	
삼성전기	0.7
삼성전자	8.52
삼성제약	-8.13
삼성중공업	1.98
삼성증권	0.78
삼성출판사	6.3
삼성카드	2.43
삼성투신증권	
삼성화재	1.8
삼송공업	
삼신	
삼아알미늄	0.97
삼아제약	3.43
삼애인더스	
삼양사	10.63
삼양식품	9.42
삼양엔텍	
삼양제넥스	
삼양종합금융	
삼양통상	12.34
삼양홀딩스	6.54
삼영무역	1.16
삼영엠텍	6.26
삼영이엔씨	5.96
삼영전자	1.9
삼영화학	-4.04
삼우엠스	2.39
삼우이엠씨	
삼우인다스	
삼원강재	5.53
삼원테크	-1.94
삼익THK	5.57
삼익건설	
삼익악기	3.3
삼익주택	
삼일	3.37
삼일공사	
삼일기업공사	-2
삼일제약	2.46
삼정펄프	6.19
삼주건설	
삼지전자	11.19
삼진	15.66
삼진엘앤디	5.72
삼진제약	21.91
삼진화학	
삼천당제약	12.82
삼천리	-1.53
삼천리자전거	2.08
삼천전기	
삼한실업	
삼한콘트롤스	
삼현철강	2.44
삼협개발	
삼협산업	
삼호	11.46
삼호개발	10.91
삼호건설	
삼화기연	
삼화네트웍스	50.18
삼화실업	
삼화왕관	8.68
삼화전기	2.66
삼화전자	-3.69
삼화정밀	
삼화콘덴서	11.43
삼화페인트	2.19
삼환기업	-2.83
상보	-4.92
상신브레이크	7.72
상신이디피	-2.96
상아프론테크	6.51
새로닉스	7.3
새론오토모티브	9.36
새한종합금융	
샘표	1.67
샘표식품	
샤인시스템	
서광건설	
서린바이오	0.66
서부T&D	1.16
서산	7.98
서암기계공업	-0.19
서연	1.73
서연이화	3.55
서연전자	2.24
서연탑메탈	-0.48
서울가든	
서울가스	-4.8
서울교통공사	
서울리거	-1.62
서울반도체	7.58
서울식품	-0.76
서울옥션	3.7
서울저축은행	
서울전자통신	6.05
서울제약	2.48
서울창투	
서원	3.56
서원인텍	3.61
서은신금	
서전기전	-1.46
서진오토모티브	-4.8
서통	
서플러스글로벌	0
서한	23.65
서호전기	18.59
서화정보통신	-8.04
서흥	7.67
서희건설	12.4
석천	
선광	2.05
선데이토즈	17.6
선도전기	0.46
선우중공업	
선일옵트론	
선진	9.28
선진금속	
선진지주	
선창산업	3.93
선팩테크	
성광벤드	0.02
성담	
성도이엔지	6.74
성문전자	-7.4
성보섬유	
성보화학	-1.3
성신양회	4.1
성안	-3.29
성우몰드	
성우전자	4.49
성우테크론	5.48
성우하이텍	2.26
성원건설	
성융광전투자	
성지건설	-1.13
성진산업	
성창기업지주	0.21
성창오토텍	1.29
성호전자	0.69
세계투어	
세기상사	-2.21
세니콘	
세동	-8.19
세라온	
세림아이텍	
세명전기	1.45
세미콘라이트	14.18
세미텍	
세방	1.22
세방전지	5.95
세보엠이씨	12.43
세본금속	
세븐스타웍스	-5.95
세븐코스프	
세신	
세실	-18.26
세아메탈	
세아베스틸	2.91
세아제강	2.67
세아특수강	7.83
세아홀딩스	3.41
세우글로벌	3.47
세운메디칼	15.23
세원	
세원물산	-2.7
세원셀론텍	-0.54
세원정공	7.93
세원텔레콤	
세원화성	
세이브존I&C	5.03
세종공업	3.06
세종텔레콤	-2.38
세중	9.79
세진전자	-13.69
세진중공업	4.45
세진티에스	11.19
세코닉스	2.83
세하	8.39
세한엔에스브이	-9.88
세화기술투자	
세화아이엠씨	-0.44
센추리	
셀런	
셀루메드	-6.2
셀바스AI	-12.29
셀바스헬스케어	
셀트리온	10.25
셀트리온제약	1.7
셰프라인	
소리바다	-0.23
소예	
소프트센	2.4
소프트윈	
손오공	3.49
솔고바이오	-14.37
솔라시아	11.69
솔로몬저축은행	
솔루에타	-0.35
솔본	1.07
솔브레인	12.65
솔빛미디어	
솔트웍스	
송원산업	7.49
송원칼라	
쇼박스	11.8
수산아이앤티	
수산중공업	1.83
수성	3.94
수출포장	-0.41
슈넬생명과학	-1.4
슈마일렉트론	
슈프리마	
슈프리마에이치큐	2.15
슈피겐코리아	17.49
스마텔	
스맥	3.52
스카이라이프	9.6
스타리스	
스타맥스	
스타플렉스	6.46
스탠더드텔레	
스톰이앤에프	
스틸플라워	-8.05
스페로 글로벌	-6.09
스페코	1.99
스포츠서울	
승일	2.07
승화프리텍	-7.14
시공테크	-3.45
시그네틱스	1.33
시노펙스	12.26
시노펙스그린테크	
시스컴	
시큐리티KOR	
시큐브	3.09
시큐어소프트	
신강제지	
신광기업	
신광산업	
신대양제지	-0.23
신도리코	-1.02
신동방CP	
신라교역	3.88
신라섬유	3.24
신라에스지	2.74
신라젠	-31.4
신림종건	
신민저축은행	1.15
신비	
신성델타테크	2.96
신성솔라에너지	-4.8
신성에프에이	
신성이엔지	14.49
신성통상	-0.03
신세계	1.69
신세계 I&C	3.6
신세계건설	8.35
신세계인터내셔날	0.25
신세계종합금융	
신세계푸드	4.65
신송홀딩스	-3.46
신스타임즈	-28.36
신신상사	
신양오라컴	-4.82
신영스팩2호	-0.2
신영와코루	3.77
신영증권	
신우산업	
신원	3.69
신원금속	
신원제이엠씨	
신원종합개발	1.4
신일건업	
신일산업	4.04
신일제약	10.06
신중앙신금	
신지소프트	
신진에스엠	0.57
신풍제약	1.96
신풍제지	5.4
신한	-12.56
신한SIT	
신한모방	
신한은행	
신한전자	
신한제2호SPAC	-1.11
신한종합금융	
신한증권	
신한지주	0.95
신한캐피탈	1.23
신호전자통신	
신호테크	
신호페이퍼	
신화	
신화건설	
신화실업	4.02
신화인터텍	4.86
신화콘텍	19.89
신흥	3.17
실리콘웍스	5.94
실리콘화일	
심스밸리	
심텍	4.15
심텍홀딩스	6.61
싸이맥스	11.07
쌈지	
쌍방울	-0.88
쌍용건설	-0.92
쌍용머티리얼	7.14
쌍용양회	9.73
쌍용정보통신	-4.28
쌍용제지	
쌍용종합금융	
쌍용차	-1.46
써니전자	1.58
써니트렌드	
써미트	
썬코어	-44.51
썬텍	1.39
썸에이지	-7.4
쎄노텍	
쎄니트	9.48
쎄라텍	
쎄미시스코	-10.2
쎄트렉아이	4.92
쎌바이오텍	19.27
쏠라엔텍	
쏠리드	-5.39
쓰리디월드	
씨그널엔터테인먼트그룹	0.34
씨모스	
씨모텍	
씨씨에스	-2.01
씨아이테크	-11.48
씨앤케이인터	-7.68
씨에스윈드	-4.43
씨엔플러스	-9.44
씨엘인터내셔널	-15.95
씨엠에스에듀	8.02
씨유메디칼	1.54
씨젠	5.79
씨케이에이치	9.68
씨큐브	6.57
씨크롭	
씨트리	5.24
씨티씨바이오	1.11
씨티엘	3.19
씨티엘테크	
아가방컴퍼니	7.96
아구스	
아나패스	8.97
아남전자	5.4
아라온테크	
아리온	-21.14
아모레G	13.04
아모레퍼시픽	13.65
아모텍	8.33
아미노로직스	2.59
아미코젠	-4.59
아바코	5.48
아바텍	6.51
아비스타	-21.9
아비코전자	12.08
아세아	9.26
아세아시멘트	10.46
아세아제지	8.77
아세아텍	16.78
아세아페이퍼텍	
아스트	3.86
아시아경제	7.07
아시아나항공	7.83
아시아미디어홀딩스	
아시아자동차	
아이넥스	
아이드림	
아이디스	-3.26
아이디스홀딩스	6.1
아이디에스	
아이리버	-13.53
아이마켓코리아	3.89
아이비진	
아이센스	14.29
아이스테이션	
아이쓰리시스템	8.18
아이씨디	18.16
아이씨케이	-2.72
아이씨켐	
아이알디	
아이앤씨	0.11
아이에스동서	14.65
아이에스이커머스	-2.22
아이에이	-1.57
아이엠	-4.18
아이엠아이티	
아이엠텍	-0.19
아이오케이	-2.88
아이원스	3.31
아이이	-4.66
아이즈비전	4.47
아이진	-46.23
아이컴포넌트	12.65
아이케이	
아이콘트롤스	8.73
아이크래프트	-9.05
아이텍반도체	6.76
아이텍스필	
아이티센	-8.2
아이티센	
아이팩토리	
아이피에스	
아인스M&M	
아주캐피탈	1.73
아즈텍WB	8.14
아진산업	6.52
아진엑스텍	5.34
아큐텍	
아트라스BX	13.65
아티스	-15
아프리카TV	17.7
안국약품	0.76
안랩	8.66
안트로젠	0.83
알덱스	
알루코	6.62
알루코	
알보젠코리아	7.36
알서포트	0.77
알앤엘바이오	
알에스넷	
알에프세미	0.53
알에프텍	7.12
알엔투테크놀로지	3.34
알이엔	
알테오젠	-12.37
알톤스포츠	-7.5
알티전자	
알티캐스트	1.9
알파홀딩스	
암니스	-6
애경유화	19.65
애니젠	
애드모바일	
액션스퀘어	-45.39
액토즈소프트	8.16
액트	-3.14
액티투오	
앤디포스	
야호	
양지사	-4.01
어보브반도체	11.05
어울림 네트	
어울림엘시스	
어울림정보	
어플라이드	
어필텔레콤	
업필	
에너윈	
에너토크	3.09
에넥스	5.41
에듀아크	
에듀언스	
에듀패스	
에머슨퍼시픽	11.25
에버다임	10.86
에버리소스	
에버테크노	
에스넷	-11.04
에스디	
에스디시스템	-12.02
에스마크	-29.87
에스맥	-1.9
에스브이에이치	
에스비아이앤솔로몬스팩	
에스비엠	
에스씨디	7.79
에스아이리소스	6.74
에스아이티글로벌	-108.24
에스앤더블류	-3.7
에스앤씨엔진그룹	6.04
에스앤에스텍	5.15
에스에너지	1.12
에스에스컴텍	3.3
에스에이엠티	13.84
에스에이티	1.75
에스에프씨	-0.96
에스에프에이	9.43
에스엔유	-9.21
에스엔텍	-9.89
에스엘	9.84
에스엠	10.44
에스엠코어	-9.67
에스오케이	
에스와이코퍼레이션	
에스와이패널	3.36
에스원	14.01
에스코넥	8.84
에스텍	11.81
에스텍파마	3.04
에스티씨라이프	-15.01
에스티아이	31.51
에스티오	-3.55
에스티큐브	-29.31
에스티팜	23.01
에스폴리텍	2.25
에스피지	6.66
에스피코프	
에쎈테크	3.41
에쓰씨엔지니어링	-4.03
에어로시스템	
에이디칩스	14
에이디테크놀로지	-12.19
에이모션	-30.69
에이블씨엔씨	0.5
에이스디지텍	
에이스앤파트너스	
에이스일렉	
에이스침대	6.04
에이스테크	-10.11
에이스하이텍	
에이씨티	-10.33
에이엔피	-1.55
에이엠에스	
에이원마이크로	
에이원앤	1.04
에이치비이에너지	
에이치시티	
에이치엔티	
에이치엘비	-12.22
에이치엘비생명과학	-9.74
에이치엘비파워	-8.84
에이치엘사이언스	
에이치엠씨3호스팩	-0.11
에이치케이	-0.71
에이테크솔루션	2.9
에이텍	6.46
에이텍티앤	2.21
에이티넘인베스트	6.57
에이티세미콘	10.81
에이티젠	-23.32
에이티테크놀러지	-14.12
에이프로테크놀로지	
에임하이	-10.49
에치디프로	-8.78
에코마케팅	
에코바이오	8.11
에코페트로시스템	
에코프로	3.46
에코플라스틱	-4.71
에프아이투어	
에프알텍	-11.67
에프에스티	11.49
에프엔씨애드컬쳐	-3.19
에프엔씨엔터	5.45
에프티이앤이	7.75
에피밸리	
엑사이엔씨	3.64
엑세스바이오	-1.15
엑셈	-6.14
엑스로드	
엑스씨이	
엑시콘	1.53
엑큐리스	
엔브이에이치코리아	3.66
엔빅스	
엔스퍼트	
엔써	
엔씨소프트	11.71
엔알케이	-8.14
엔에스	
엔에스쇼핑	9.68
엔에스아이	
엔에이치SL스팩	-0.6
엔에이치스팩11호	
엔에이치스팩3호	-0.19
엔에이치스팩5호	-0.2
엔에이치스팩7호	-0.29
엔에이치스팩8호	-0.21
엔에이치스팩9호	-0.21
엔지스테크널러지	
엔케이	-5.64
엔케이바이오	
엔케이텔레콤	
엔터메이트	-1.75
엔텔스	2.38
엔토리노	
엔플렉스	
엔피케이	-2.37
엔하이테크	
엘디티	-6.21
엘비세미콘	6.66
엘아이에스	-26.73
엘앤씨피	
엘앤에프	10.3
엘앤케이바이오	
엘앤피아너스	
엘엠에스	5.74
엘오티베큠	1.14
엘컴텍	2.89
엘티씨	3.99
엠게임	1.1
엠넷미디어	
엠바이엔	
엠벤처투자	1.29
엠씨넥스	-3.46
엠씨티티코어	
엠에스씨	11.38
엠에스오토텍	4.15
엠엔에프씨	
엠제이비	
엠젠플러스	-9.15
엠지메드	-2.49
엠케이전자	11.74
엠케이트렌드	0.97
엠텍반도체	
엠피씨	3.43
연우	9.68
연이정보통신	7.99
연합과기	
영남종금	
영보화학	9.13
영성제강	
영신금속	1.59
영우디에스피	28.38
영원무역	8.98
영원무역홀딩스	7.7
영인프런티어	3.89
영일화학	
영진약품	4.83
영진코퍼레이션	
영진테크	
영풍	0.85
영풍산업	
영풍정밀	2.21
영풍제지	6.17
영화금속	4.26
영흥철강	-1.57
예당	
예림당	28.11
예스24	4.02
예스코	-2.92
예스티	5.99
예일바이오텍	
오가닉티코스메틱	44.06
오공	8.53
오디텍	8.57
오뚜기	11.44
오라바이오틱스	
오로라	5.48
오르비텍	4.94
오리엔탈정공	-1.63
오리엔트바이오	
오리엔트정공	-5.49
오리온	13.43
오리온전기	
오리콤	2.48
오브제	
오상자이엘	3.65
오성엘에스티	0.64
오션브릿지	
오스코텍	-6.25
오스템	1.52
오스템임플란트	10.5
오이솔루션	-0.22
오킨스전자	-14.95
오텍	8.61
오페스	
오픈베이스	8.34
옥션	
온다 엔터테인먼트	-28.28
온미디어	
올리브나인	
올에버	
옴니시스템	5.14
옴니텔	-7
옵셔널벤처스	
옵토팩	
옵트론텍	5.83
옵티시스	2.26
와이디온라인	-36.52
와이비로드	-0.02
와이비엠넷	-2.14
와이솔	14.91
와이엔텍	
와이엠씨	7.61
와이오엠	-3.89
와이제이엠게임즈	-1.47
와이즈파워	
와이지엔터테인먼트	10.63
와이지-원	7.34
와토스코리아	2.85
완리	13.26
외환리스	0.61
외환은행	0.83
외환카드	
요업개발	
용평리조트	5.48
우경	
우노앤컴퍼니	3.87
우리금융	
우리기술	-5.66
우리기술투자	-2.4
우리넷	-8.14
우리들제약	4.49
우리들휴브레인	-13.94
우리로	-0.62
우리산업	9.47
우리산업홀딩스	7.59
우리손에프앤지	
우리스팩1호	
우리은행	0.57
우리이앤엘	-1.36
우리이티아이	0.03
우리조명	-0.4
우리종금	1.35
우리증권	
우림기계	1.26
우성건설	
우성사료	0.97
우성아이비	0.32
우수AMS	5.76
우수씨엔에스	
우신시스템	2
우양에이치씨	8.54
우영	
우원개발	0.28
우전	-15.81
우주일렉트로	9.66
우주종합건설	
우주통신	
우진	0.71
우진비앤지	-0.34
우진플라임	4.49
우풍신금	
울트라건설	-5.5
웅진	-0.58
웅진씽크빅	5.49
웅진에너지	-10.82
원림	1.08
원익	0.57
원익IPS	16.7
원익QnC	7.76
원익머트리얼즈	10.44
원익큐브	1.59
원익홀딩스	4.65
원일특강	1.35
원풍	6.84
원풍물산	3.1
월덱스	3.51
월드텔레콤	
웨스테이트	-2.45
웨이브일렉트로	-1.25
웨이포트	9.27
웰크론	-3.45
웰크론강원	-11.86
웰크론한텍	-4.65
웹스	1.02
웹젠	13.92
위너스인프라인	
위노바	-4.22
위닉스	-4.6
위다스	
위메이드	3.69
위즈코프	3.76
위지트	6.11
윈스	10.74
윈팩	-13.78
윈하이텍	0.91
윌비스	0.01
윌텍정보통신	
유나이티드제약	10.83
유니더스	-10.96
유니드	5.33
유니드코리아	
유니셈	10.96
유니슨	-3.49
유니씨앤티	
유니온	0.38
유니온스틸	
유니온커뮤니티	
유니켐	4.18
유니퀘스트	4.12
유니크	2.45
유니테스트	33.33
유니테크노	16.71
유니텍전자	
유니트론텍	11.04
유라테크	3.87
유리이에스	
유바이오로직스	-48.08
유비벨록스	3.14
유비케어	14.62
유비쿼스	8.12
유산실업	
유성	
유성기업	-1.66
유성티에스아이	
유성티엔에스	4.32
유수홀딩스	-8.32
유신	-0.49
유아이디	-1.52
유아이에너지	
유아이엘	8.72
유안타제1호스팩	-0.23
유안타제2호스팩	-0.19
유안타증권	0.27
유앤아이	6.12
유양디앤유	0.65
유에이블	
유엔젤	-5.12
유유제약	
유일엔시스	
유지인트	-0.87
유진기업	6.36
유진로봇	-1.81
유진산업	
유진스팩3호	-0.26
유진에이씨피씨스팩2호	-0.4
유진종합개발	
유진테크	14.3
유진투자증권	0.81
유진화학	
유천건설	
유테크	-12.43
유티엑스	
유퍼트	
유한양행	4.96
유화증권	0.72
육일씨엔에쓰	-2.71
율촌화학	3.32
으뜸저축은행	
이건산업	3.55
이건창호	-0.47
이구산업	2.79
이그잭스	0.6
이-글 벳	0.94
이글루시큐리티	-3.84
이노블루	
이노션	6.07
이노와이어리스	-9.15
이녹스	7.4
이니텍	13.44
이디	-7.24
이디디컴퍼니	
이라이콤	-0.53
이랜텍	6.51
이레전자산업	
이론테크	
이롬텍	
이루넷	
이루온	-13.28
이룸지엔지	
이마트	5.8
이매진아시아	-6.8
이미지스	0.15
이베스트스팩2호	-0.07
이베스트스팩3호	-0.17
이베스트투자증권	0.62
이상네트웍스	5.46
이수세라믹	
이수앱지스	0.43
이수페타시스	2.11
이수화학	6.41
이스타코	-4.3
이스트소프트	-10.9
이스트아시아홀딩스	6.53
이씨에스	
이아이디	-8.18
이앤텍	
이에스브이	-10.09
이에스에이	-59.07
이엔쓰리	16.44
이엔에프테크놀로지	18.32
이엘케이	-12.45
이엠넷	5.32
이엠코리아	-2.79
이엠텍	6.81
이연제약	5.51
이오테크닉스	8.62
이원컴포텍	-12.62
이월드	-0.3
이젠텍	-16.03
이지닷컴	
이지바이오	6.11
이지웰페어	-2.3
이지클럽	
이큐스앤자루	1.27
이크레더블	15.53
이테크건설	4.98
이트론	-13.89
이퓨쳐	-0.37
이화공영	1.49
이화산업	
이화전기	-5.87
익산	
인네트	
인디에프	-11.4
인바디	19.81
인베니아	19.46
인선이엔티	5.46
인성정보	4.89
인스코비	-5.74
인스프리트	
인젠	
인지디스플레	6.36
인지컨트롤스	3.44
인천도시가스	-2.68
인천정유	
인켈	
인콘	-4.79
인크로스	
인탑스	6.68
인터로조	25.58
인터불스	-9.08
인터엠	-1
인터지스	1.03
인터파크	4.82
인터파크홀딩스	2.36
인터플렉스	5.97
인터피온반도체	
인텍플러스	1.47
인텔리안테크	
인트로메딕	-2.73
인트론바이오	-3.53
인팩	3.34
인포마크	0.15
인포바인	17.36
인포뱅크	3.58
인포피아	8.41
인프라웨어	-44.58
인피니트헬스케어	9.59
인화정공	-0.58
일경산업개발	-3.12
일공공일안경	
일동제약	
일동홀딩스	-1.52
일성건설	2.52
일성신약	0.75
일신	
일신바이오	6.54
일신방직	1.66
일신석재	-4.94
일야	8.26
일양약품	4.72
일은증권	
일정실업	2.83
일지테크	4.87
일진	
일진다이아	5.22
일진디스플	-13.15
일진머티리얼즈	6.63
일진전기	-1.97
일진파워	8
일진홀딩스	-1.55
잇츠스킨	17.76
잉글우드랩(Reg.S)	
잉크테크	0.37
자강	
자연과환경	-4.64
자유건설	
자이글	
자화전자	5.3
잘만테크	-1.16
장기신용은행	
장복건설	
장원테크	
장은증권	
재영솔루텍	-5.99
전기초자	
전방	-1.73
전북은행	0.47
전진산업	
전파기지국	1.04
정다운	3.39
정산애강	7.76
정상제이엘에스	9.89
정원엔시스	5.23
정일이엔씨	
제낙스	-6.77
제너비오믹스	
제너셈	-9.09
제너시스템즈	
제네시스	
제넥셀	
제넥신	-14.1
제노포커스	6.47
제닉	5.83
제로원인터랙티브	
제로투세븐	-6.91
제룡산업	6.47
제룡전기	-11.15
제미니투자	
제우스	9.88
제이브이엠	4.1
제이스테판	-0.48
제이스텍	17.05
제이씨케미칼	7.72
제이씨현시스템	8.72
제이앤유글로벌	
제이에스코퍼레이션	8.45
제이에스티나	2.68
제이엔케이히터	-4.4
제이엠아이	6.73
제이엠티	0.09
제이엠피	
제이웨이	-4.13
제이준	27.69
제이콘텐트리	12.49
제이콤	
제이티	-10.94
제일곡산	
제일기획	6.14
제일냉동	
제일모직	
제일바이오	1.56
제일사료	
제일약품	1.18
제일연마	6.37
제일은행	0.35
제일저축은행	
제일제강	1.16
제일종합금융	
제일창투	
제일테크노스	0.09
제일화재	
제주반도체	1.87
제주은행	0.38
제주항공	28.21
젬백스	-6.55
젬백스테크놀러지	-11.34
조광ILI	10.42
조광페인트	6.29
조광피혁	15.8
조비	-5.78
조선내화	4.31
조선선재	15.38
조아제약	0.77
조이맥스	-3.05
조이시티	6.6
조이토토	
조인에너지	
조일알미늄	-1.17
조흥	8.49
조흥은행	0.81
종근당	14.31
종근당바이오	5.78
종근당홀딩스	4.41
좋은사람들	-1.45
주성엔지니어링	10.65
주연테크	-0.84
주은리스	
주일	
주택은행	
주화산업	
중국고섬	
중국식품포장	
중국원양자원	-8.89
중앙건설	
중앙디자인	
중앙리스	
중앙바이오텍	
중앙백신	12.03
중앙신금	
중앙에너비스	4.93
중앙오션	3.82
중앙제지	
중앙종금	
중원	
지노시스템	
지니웍스	
지디	-8.29
지디코프	
지란지교시큐리티	
지스마트글로벌	24.07
지아이바이오	
지앤디윈텍	
지앤알	
지앤에스티	
지어소프트	-13.4
지에스이	0.02
지엔씨에너지	14.62
지엔코	-1.92
지엔텍홀딩스	
지엘팜텍	
지엠비코리아	2.3
지엠피	1.85
지역난방공사	-3.95
지이엔에프	
지코	-7.26
지투알	1.21
지트리비앤티	-6.64
진도	5.92
진도물산	
진로발효	16.93
진로종합식품	
진매트릭스	-8.42
진바이오텍	8.77
진성레미컨	
진성티이씨	7.24
진양산업	7.81
진양제약	-1.91
진양폴리	1.87
진양홀딩스	3.04
진양화학	-0.81
진원생명과학	-21.04
진흥기업	19.01
진흥저축은행	
차바이오텍	3.3
차이나그레이트	9.54
차이나하오란	11.75
참엔지니어링	2.01
참좋은레져	11.25
창민테크	
창해에탄올	1.76
처음앤씨	1.55
천일고속	2.77
청구	
청담러닝	5.13
청람디지탈	
청보산업	-2.23
청솔종합금융	
청호컴넷	-12.81
체시스	3.9
초록뱀	11.49
충북은행	
충청은행	
칩스앤미디어	13.85
카라반케이디이	
카리스소프트	-2.5
카스	4.74
카스코	
카인드웨어	
카카오	2.32
카프로	0.87
캐스텍코리아	4.9
캔들미디어	0.3
캠브리지코오롱	
캠시스	0.07
캡스	
컴투스	24.04
케너텍	
케드콤	
케미그라스	
케어젠	3.16
케이디세코	
케이디엠	
케이디켐	10.71
케이맥	12.16
케이비물산	
케이비제10호스팩	
케이비제8호스팩	-0.3
케이비제9호스팩	-0.27
케이사인	5.58
케이씨에스	3.57
케이씨오에너지	-40.96
케이씨텍	10.92
케이씨티	2.83
케이씨피드	1.09
케이아이엔엑스	16.57
케이알	
케이에스씨비	-0.92
케이에스알	
케이에스피	-16.67
케이엔더블유	-1.85
케이엔씨글로벌	
케이엔티	
케이엘넷	-4.3
케이엠	3.61
케이엠더블유	-7.53
케이엠에스	
케이엠에이치	
케이이엔지	
케이티비스팩1호	-0.15
케이티비스팩2호	-0.14
케이티스	6.86
케이프	0.85
케이프이에스스팩	-0.24
케이피에프	3.13
케이피엠테크	-11.48
케이피케미칼	
케이피티	0.25
켐트로닉스	2.35
코나아이	-3.85
코닉글로리	10.18
코닉스	
코다코	6.44
코데즈컴바인	4.02
코디	-13.24
코디엠	-16.58
코디콤	
코라오홀딩스	1.93
코렌	-7.13
코렌텍	0.34
코리드	2.98
코리아나	0.98
코리아링크	
코리아써키트	0.03
코리아에스이	1.88
코리아에프티	0.25
코리아오토글라스	7.16
코리아이앤디	
코리안리	1.72
코맥스	9.72
코메론	14.27
코미팜	-0.02
코센	-2.65
코스맥스	8.94
코스맥스비티아이	4.67
코스메카코리아	
코스모스피엘씨	
코스모신소재	2.58
코스모화학	-3.44
코스온	8.19
코아로직	0.91
코아스	1.23
코아스템	5.28
코아시아홀딩스	5.13
코아에스앤아이	
코아정보	
코아크로스	-6.85
코어비트	
코엔텍	10.77
코오롱	3.74
코오롱글로벌	2.79
코오롱머티리얼	-4.96
코오롱생명과학	3.35
코오롱아이넷	
코오롱유화	
코오롱인더	3.83
코오롱인터	
코오롱플라스틱	6.81
코원에너지서비스	-3.19
코웨이	22.27
코웰이홀딩스	
코웰패션	12.86
코위버	4.38
코이즈	-1.26
코콤	9.23
코텍	14.17
코프라	11.18
콜마비앤에이치	20.87
콤텍시스템	3.15
쿠첸	7.12
쿠쿠전자	14.03
쿨투	
큐닉스컴퓨터	
큐렉소	-89.29
큐로컴	-6.28
큐로홀딩스	-4.66
큐리어스	
큐리언트	-31.26
큐브스	-10.84
큐브엔터	-6.9
큐에스아이	0.58
큐캐피탈	-1.25
크라운제과	7.54
크로바하이텍	3.75
크루셜텍	0.69
크리스탈	-1.35
크리스탈신소재	17.6
크린앤사이언스	7.97
클라스타	
클리오	
키움스팩3호	-0.75
키움스팩4호	-0.6
키움증권	2.6
키위미디어그룹	-10.61
키이스트	4.7
타이거일렉	5.74
타임	
탑엔지니어링	7.28
태경산업	3.37
태경화학	3.36
태광	0.13
태광산업	3.35
태광이엔시	
태림페이퍼	10.41
태림포장	3.15
태산엘시디	
태양	10.13
태양금속	1.57
태양씨앤엘	-14.19
태양이앤테크	
태영건설	3.86
태영텔스타	
태영판지공업	
태웅	2.24
태원물산	2.93
태일전자	
태일정밀	
태창기업	
태창파로스	
태평양금속	
태평양물산	-19.11
태평양제약	
태화	
태화쇼핑	
태흥피혁공업	
택산아이엔씨	
터보테크	
테고사이언스	11.25
테라	
테라리소스	-1.89
테라세미콘	31.98
테라셈	-24.13
테라젠이텍스	1.31
테스	22.23
테스나	-0.82
테스텍	
테이크시스템	
테크메이트	
테크윙	8.04
텍셀네트컴	5.3
텔레칩스	
텔레필드	-13.51
텔슨전자	
텔슨정보통신	
텔코웨어	5.09
텔콘	-13.9
토니모리	17.05
토비스	9.14
토자이홀딩스	
토탈소프트	16.75
토필드	-1.75
톱텍	6.72
투미비티	
투비소프트	-3.02
트라이써클	
트라이콤	
트래픽 ITS	
트레이스	-8.31
트루윈	-0.75
트리니티	
특수건설	-4.47
티브로드도봉강북방송	
티비씨	-2.49
티씨케이	25.17
티에스엠텍	-2.88
티에스이	-6.32
티에스인베스트먼트	20.75
티에이치엔	3.98
티엘씨레저	-29.94
티엘아이	-2.92
티웨이홀딩스	36.19
티이씨	
티이씨앤코	
티케이케미칼	0.29
티플랙스	2.13
티피씨글로벌	2.98
팀스	1.68
팅크웨어	3.51
파나진	-3.65
파라다이스	2
파라텍	8.23
파루	3.85
파마리서치프로덕트	
파미셀	0.89
파버나인	8.82
파브코	
파세코	9.38
파수닷컴	-6.97
파워로직스	1
파이오링크	-3.24
파인디앤씨	3.73
파인디지털	-4.32
파인테크닉스	-1.57
파인텍	-3.08
파크시스템스	-16.19
파트론	2.02
파티게임즈	-14.96
팍스넷	7.69
판타지오	-6.91
팜스웰바이오	-13.4
팜스코	6.2
팜스토리	5.5
팬스타엔터프라이즈	-5.41
팬엔터테인먼트	10.26
팬오션	3.64
팬젠	-19.78
팬택	
팬택앤큐리텔	
팬텀엔터그룹	
퍼스텍	-0.66
퍼시스	2.24
퍼시픽글라스	
퍼시픽바이오	5.89
페이퍼코리아	8.97
펩트론	-5.61
평산	
평산차업 KDR	
평안물산	
평화산업	-2.13
평화은행	
평화정공	4.1
평화홀딩스	1.58
포네이처	
포넷	
포메탈	3.87
포비스티앤씨	-4.47
포스링크	-6.14
포스코 ICT	7.85
포스코강판	11.1
포스코대우	3.54
포스코엠텍	9.84
포스코켐텍	13.63
포스코플랜텍	-3.41
포시에스	0.35
포이보스	
포티스	1.28
포휴먼	
폭스브레인	-9.36
폴리플러스	
폴켐	
푸드웰	-0.42
푸른기술	-1.4
푸른저축은행	3.42
풀무원	1.37
풀무원	3.34
풍강	5.76
풍국주정	6.43
풍산	8.77
풍산홀딩스	9.98
풍연	
퓨전데이타	
퓨쳐비젼	
퓨쳐스트림네트웍스	
퓨쳐인포넷	
퓨쳐켐	
프럼파스트	12.64
프로비타	
프로스테믹스	10.68
프로텍	10.74
프리엠스	0.47
프리젠	2.31
플래닛82	
플랜티넷	2.71
플러스프로핏	
플레이위드	5.37
플렉스컴	
피델릭스	1.62
피씨디렉트	2.37
피앤씨테크	5.91
피앤이솔루션	4.94
피앤텍	
피어리스	
피에스엠씨	-24.6
피에스케이	15.56
피에스텍	3.94
피엔티	6.19
피엘에이	
피제이메탈	1.86
피제이전자	5.83
피죤	
피케이엘	10.33
피코소프트	
픽셀플러스	-5.42
필룩스	11.43
필링크	-7.92
하나금융7호스팩	-0.87
하나금융8호스팩	
하나금융지주	0.75
하나마이크론	3.95
하나머스트3호스팩	-2.11
하나머스트4호스팩	-0.16
하나머스트5호스팩	-0.13
하나은행	
하나은행	
하나증권	
하나투어	8.06
하림	13.55
하림홀딩스	9.66
하이럭스	
하이로닉	-2.1
하이록코리아	9.55
하이비젼시스템	14.62
하이셈	-5.66
하이소닉	-9.23
하이스마텍	
하이스틸	2.55
하이에이아이1호스팩	-0.15
하이제2호스팩	-0.26
하이제3호스팩	-0.03
하이즈항공	-3.79
하이켐	
하이콤	
하이텍팜	2.78
하이트론	-15.39
하이트맥주	
하이트진로	3.27
하이트진로홀딩스	3.13
하츠	5.77
한국3호스팩	-1.13
한국4호스팩	0
한국가구	6.72
한국가스공사	-1.88
한국경제TV	11.06
한국공항	8.39
한국금융지주	1.25
한국기술산업	
한국기업평가	11.86
한국내화	6.31
한국단자	11.49
한국대아진공	
한국맥널티	5.04
한국물산	
한국벨트	
한국산업투자	
한국석유	6.26
한국선재	2.05
한국쉘석유	26.27
한국스팩1호	
한국신금	
한국안전유리	
한국알콜	7.62
한국염공	
한국유리	1.59
한국자산신탁	22.09
한국저축은행	
한국전력	10.07
한국전자금융	7.73
한국전자인증	10.21
한국전자홀딩스	-4.82
한국정밀기계	-4.78
한국정보공학	2.46
한국정보인증	11.54
한국정보통신	18.53
한국제지	3.85
한국종금	
한국종합기술	1.05
한국종합철관	
한국주강	-3.39
한국주철관	
한국철강	3.22
한국카본	4.3
한국캐피탈	1.39
한국컴퓨터	5.65
한국컴퓨터지주	4.36
한국코인	
한국콜마	15.18
한국콜마홀딩스	7.73
한국큐빅	3.06
한국타이어	12.55
한국타이어월드와이드	10.76
한국테크놀로지	-23.87
한국토지신탁	15.81
한국특수형강	-3.95
한국파트너스	
한국팩키지	6.7
한국프랜지	-1.35
한국합섬	
한국항공우주	13.01
한국협화	
한국화이바	
한국화장품	19.65
한국화장품제조	11.65
한글과컴퓨터	11.86
한길종합금융	
한네트	5.29
한농화성	2.71
한도하이테크	
한독	0.93
한라	4.1
한라IMS	2.03
한라시멘트	
한라홀딩스	5.02
한림창투	
한마음저축은	
한메NS	
한미글로벌	5.28
한미반도체	11.62
한미사이언스	3.04
한미약품	3.61
한미은행	0.63
한별텔레콤	
한보신금	
한보철강	
한빛네트	
한빛방송	
한빛소프트	-5.78
한빛전자통신	
한샘	20.84
한서신금	
한서제약	
한섬	5.44
한성기업	2.98
한세실업	9.54
한세예스24홀딩스	6.71
한솔PNS	2.4
한솔넥스지	1.51
한솔로지스틱스	8.34
한솔신텍	7.62
한솔씨앤피	16.72
한솔아트원제지	-1.57
한솔인티큐브	3.04
한솔제지	8.59
한솔종합금융	
한솔케미칼	14.67
한솔테크닉스	5.5
한솔홀딩스	3.79
한솔홈데코	4.31
한스바이오메드	8.42
한스종금	
한신공영	4.32
한신기계	13.11
한신코퍼	
한아시스템	
한양디지텍	-2.77
한양이엔지	8.64
한양증권	0.59
한양철강	
한양하이타오	-36.44
한영전자	
한온시스템	11.69
한올바이오파마	-3.48
한와이어리스	
한외종합금융	
한익스프레스	10.14
한일	
한일네트웍스	7.58
한일단조	2.9
한일방직	
한일사료	6.09
한일시멘트	5.32
한일약품	
한일은행	
한일제관	
한일진공	-1.6
한일철강	0.89
한일화학	-0.36
한전KPS	11.29
한전기술	-0.74
한전산업	21.53
한주개발	
한주전자	
한주통산	
한주화학	
한진	-4.75
한진건설	
한진중공업	-0.21
한진중공업홀딩스	-3.53
한진칼	8.96
한진피앤씨	3.32
한진해운	-22.52
한창	4.36
한창산업	7.45
한창제지	10.94
한컴시큐어	0.37
한컴지엠디	0.82
한탑	1.37
한텔	
한통엠닷컴	
한프	-8.47
한화	1.73
한화ACPC스팩	-0.28
한화MGI스팩	-0.13
한화SV스팩1호	
한화갤러리아타임월드	-6.13
한화기계	
한화생명	0.99
한화손해보험	1.37
한화에이스스팩2호	-0.11
한화종합금융	
한화케미칼	5.99
한화테크윈	3.57
한화투자증권	0.38
한화화인케미칼	
핫텍	-21.24
항도종합금융	
해덕파워웨이	2.79
해동금고	
해마로푸드서비스	
해성디에스	5.46
해성산업	2.44
해성옵틱스	-2.55
해원에스티	4.96
해태유업	
해태제과	
해태제과식품	7.83
핸디소프트	
핸디소프트	
핸즈코퍼레이션	
행남생활건강	-8.82
허메스홀딩스	
헝셩그룹	
헤쎄나	
헤파호프	
현대DSF	
현대EP	11.82
현대건설	5.67
현대공업	5.96
현대그린푸드	3.84
현대글로비스	9.37
현대금속	
현대드림3호스팩	-0.18
현대드림4호스팩	-0.2
현대로템	0.68
현대리바트	9.79
현대리바트	
현대멀티캡	
현대모비스	7.36
현대미포조선	1.56
현대반도체	
현대백화점	5.1
현대비앤지스틸	1.5
현대산업	9.97
현대상사	1.19
현대상선	-20.58
현대시멘트	7.85
현대씨앤에프	4.91
현대아이비티	-11.76
현대약품	2.25
현대에이블스팩1호	-0.09
현대에이치씨엔	8.63
현대엘리베이	10.72
현대오토넷	
현대울산종금	
현대위아	3.74
현대정보기술	0.31
현대제철	4.48
현대종합금융	
현대중공업	2.6
현대증권	0.68
현대차	2.54
현대차서비스	
현대통신	17.29
현대페인트	
현대푸드	
현대하이스코	
현대해상	1.97
현대홈쇼핑	3.93
현성바이탈	
현우산업	4.25
현주컴퓨터	
현진소재	2.04
형지I&C	-5.1
형지엘리트	-0.62
형진건설	
혜성테푸	
혜인	1.9
호남식품	
호성	
호승	
호전실업	
호텔신라	4.69
홈센타홀딩스	-1.5
홈캐스트	6.44
화니백화점	
화림모드	
화성	
화성산업	11.43
화승알앤에이	5.79
화승엔터프라이즈	8.88
화승인더	10.43
화신	2.9
화신정공	0.5
화신테크	-12.8
화이브라더스	4.7
화인베스틸	-0.4
화인자산관리	
화일약품	2.95
화진	3.71
화천기계	-3.18
화천기공	-0.48
환인제약	10.82
황금에스티	6.02
효성	7.15
효성ITX	9.09
효성물산	
효성오앤비	20.3
후성	15.73
후야인포넷	
훈영	
휘닉스소재	0.57
휘튼	
휠라코리아	2.62
휴니드	0.55
휴리프	
휴맥스	0.64
휴맥스홀딩스	0.48
휴먼이노텍	
휴먼텍코리아	
휴메딕스	8.41
휴비스	1.31
휴비츠	7.14
휴스틸	-0.07
휴온스	
휴온스글로벌	9.64
휴젤	25.94
휴켐스	10.66
흥구석유	2.5
흥국	7.51
흥국에프엔비	12.91
흥국화재	1
흥아해운	-1.67
흥양	
희림	5.62
희훈디앤지	
히든챔피언스팩1호	